Name,URL,Created time,Creator,License Type
Low Poly Spaceship,https://assetstore.unity.com/packages/3d/vehicles/space/lowpolyspaceshippack-196496,"March 25, 2025 11:01 AM",,Extension Asset
Firefly,https://sketchfab.com/3d-models/firefly-sculpt-sculpt-acddb6a852e246ab97b76610eecb43f9,"March 25, 2025 1:08 AM",,CC Attribution
Low-Poly Simple nature,https://assetstore.unity.com/packages/3d/environments/landscapes/low-poly-simple-nature-pack-162153,"March 22, 2025 11:12 AM",,
Old Row Boat,https://sketchfab.com/3d-models/old-rowboat-9922d5678af84adeb1c9b479856446ca,"March 14, 2025 3:08 PM",TooManyDeamons,CC Attribution
Low Poly Running Race Track and Soccer Field,https://sketchfab.com/3d-models/low-poly-running-race-track-game-ready-asset-23ec0c80500e4269976b6e434fab2f67,"March 14, 2025 3:12 PM",https://sketchfab.com/Jackson.Charles,CC Attribution
Hurdle,https://sketchfab.com/3d-models/hurdle-low-poly-4019892a830240ef8c411f3fcb633528,"March 14, 2025 3:16 PM",scbenoit,CC Attribution
Tunnel Road,https://sketchfab.com/3d-models/tunnel-road-9022ca0e48924aad96123389d5322a7d,"March 14, 2025 3:22 PM",https://sketchfab.com/lowpoly3dmodels,CC Attribution
Table Tennis Paddle,https://sketchfab.com/3d-models/table-tennis-with-ping-pong-ball-e3154f9c1a6c46409e3bb21aad211ae4,"March 16, 2025 3:48 PM",https://sketchfab.com/rukh3d,CC Attribution
Low Poly Tree Pack,https://assetstore.unity.com/packages/3d/vegetation/trees/low-poly-tree-pack-57866,"March 22, 2025 11:13 AM",,
Low poly road pack,https://assetstore.unity.com/packages/3d/environments/roadways/low-poly-road-pack-67288,"March 22, 2025 11:13 AM",,
Low Poly Rock Pack,https://assetstore.unity.com/packages/3d/environments/low-poly-rock-pack-57874,"March 22, 2025 11:14 AM",,
Low Poly Cliff Pack,https://assetstore.unity.com/packages/3d/environments/landscapes/low-poly-cliff-pack-67289,"March 22, 2025 11:14 AM",,
Low Poly Trees,https://assetstore.unity.com/packages/3d/vegetation/trees/low-poly-trees-free-nature-pack-300824,"March 22, 2025 11:15 AM",,
Low poly atmospheric location pack,https://assetstore.unity.com/packages/3d/environments/landscapes/low-poly-atmospheric-locations-pack-278928,"March 22, 2025 11:15 AM",,
Low Poly Houses,https://assetstore.unity.com/packages/3d/environments/low-poly-houses-pack-165882,"March 22, 2025 11:24 AM",,
Low Poly RPG Pack,https://assetstore.unity.com/packages/3d/environments/landscapes/rpg-poly-pack-lite-148410,"March 22, 2025 11:24 AM",,
Low Poly Fire Pack,https://assetstore.unity.com/packages/vfx/particles/fire-explosions/low-poly-fire-244190,"March 22, 2025 11:25 AM",,
Low Poly Medival Props,https://assetstore.unity.com/packages/3d/props/low-poly-simple-medieval-props-258397,"March 22, 2025 11:26 AM",,
Low Poly Playground,https://assetstore.unity.com/packages/3d/environments/playground-low-poly-191533,"March 22, 2025 11:27 AM",,
Low Poly Medival Market,https://assetstore.unity.com/packages/3d/environments/low-poly-medieval-market-262473,"March 22, 2025 11:27 AM",,
Low Poly Dungeons Lite,https://assetstore.unity.com/packages/3d/environments/dungeons/low-poly-dungeons-lite-177937,"March 22, 2025 11:29 AM",,
Low Poly Food Lite,https://assetstore.unity.com/packages/3d/props/food/low-poly-food-lite-258693,"March 22, 2025 11:30 AM",,
Low Poly Fantasy Armory,https://assetstore.unity.com/packages/3d/environments/fantasy/stylized-fantasy-armory-low-poly-3d-art-249203,"March 22, 2025 11:31 AM",,
LowPoly Environment Pack,https://assetstore.unity.com/packages/3d/environments/landscapes/lowpoly-environment-pack-99479#reviews,"March 22, 2025 11:33 AM",,
Low Poly Medival Ship,https://assetstore.unity.com/packages/3d/vehicles/sea/low-poly-medieval-ship-266731,"March 22, 2025 11:34 AM",,
Low Poly Bar,https://assetstore.unity.com/packages/3d/props/interior/bar-interior-functional-low-poly-assets-306976,"March 22, 2025 11:36 AM",,
Low Poly Ancient Village PAck,https://assetstore.unity.com/packages/3d/environments/fantasy/polyart-ancient-village-pack-166022#reviews,"March 22, 2025 11:42 AM",,